file	blocks
.dockerignore	C7
.env.example	C7
.gitattributes	C7
.github/ISSUE_TEMPLATE/bug.md	C7
.github/ISSUE_TEMPLATE/feature.md	C7
.github/PULL_REQUEST_TEMPLATE.md	C7
.github/workflows/audit.yml	C7
.github/workflows/ci.yml	C7
.github/workflows/gc-repos.yml	C7
.github/workflows/prod-stale.yml	C7
.github/zizmor.yml	C7
.gitignore	C7
CODE_OF_CONDUCT.md	C7
CONTRIBUTING.md	C7
Cargo.toml	C7
Dockerfile	C7
LICENSE	C7
LICENSE-NOTICE.md	C7
README.md	C7
SECURITY.md	C7
build.rs	C7
deny.toml	C7
docker-compose.prod.yml	C7
docker-compose.yml	C7
proto/domain_read.proto	C3
proto/git.proto	C3
rustfmt.toml	C7
schema/list.v1.json	C5
scripts/check-deploy-target.sh	C7
scripts/check-proto-sync.sh	C7
scripts/ci-local.sh	C7
scripts/itest-env.sh	C7
src/blocks.rs	C2
src/cli.rs	C6
src/config.rs	C6
src/db/carryover.rs	C5
src/db/mirror.rs	C5
src/db/mod.rs	C5
src/db/versions.rs	C5
src/db/write.rs	C5
src/gate.rs	C4
src/git/bundle.rs	C1
src/git/canon.rs	C2
src/git/history.rs	C2
src/git/magic.rs	C1
src/git/messages.rs	C2
src/git/mirror.rs	C6
src/git/mod.rs	C1
src/git/project.rs	C2
src/git/repo.rs	C1
src/git/serialize.rs	C2
src/git/smart_http.rs	C1
src/git/update.rs	C1
src/git/version.rs	C1
src/git/write.rs	C1
src/lib.rs	C6
src/main.rs	C6
src/pb.rs	C3
src/pb_domain.rs	C3
src/ratelimit.rs	C4
src/reason.rs	C4
src/services/collab.rs	C3
src/services/curation.rs	C3
src/services/git_core/actor.rs	C3
src/services/git_core/convert.rs	C3
src/services/git_core/merge.rs	C3
src/services/git_core/mirror.rs	C3
src/services/git_core/mod.rs	C3
src/services/git_core/names.rs	C3
src/services/golden.rs	C3
src/services/list.rs	C3
src/services/mod.rs	C3
src/services/util.rs	C3
src/telemetry.rs	C6
src/throttle.rs	C4
tests/block_id_visibility.rs	C2
tests/broken_json_probe.rs	C2
tests/canon_data_roundtrip.rs	C2
tests/canon_roundtrip.rs	C2
tests/content_push.rs	C1
tests/contributor_namespace.rs	C3
tests/create_canon_gap.rs	C2
tests/domain.rs	C2
tests/f2a_schema_kind.rs	C2
tests/gc_packs.rs	C1
tests/golden.rs	C2
tests/hook_probe.rs	C1
tests/issue_number_probe.rs	C3
tests/lock_probe.rs	C1
tests/log_carries_reason.rs	C4
tests/main_ref_guard.rs	C1
tests/merge_reason_wire.rs	C3
tests/merge_state_probe.rs	C3
tests/mirror.rs	C6
tests/mirror_attempts.rs	C6
tests/operator_language.rs	C4
tests/projection.rs	C2
tests/ratelimit_probe.rs	C4
tests/review_p1.rs	C3
tests/roundtrip.rs	C2
tests/squash_probe.rs	C1
tests/star_count_probe.rs	C3
tests/support/mod.rs	C3
tests/sync_heal_probe.rs	C6
tests/tree_limits.rs	C1
tests/update_branch_probe.rs	C1
tests/version_sha_from_tags.rs	C2
tests/web_version.rs	C2
tests/write_gate.rs	C1
tests/write_gate_guard.rs	C1
